#SampleID	barcode
#q2:types	categorical
14-0_5-20	CAGTCCCTGCAC
14-1_5-20	GCCCTTCCCGTG
14-2_5-20	CAGACCGGACGA
15-1_5-20	TGAGTGGTCTGT
18-1_5-20	GCTAGTTATGGA
18-2_5-20	CTGAGGCCCTTC
20-0_5-20	CCTGCACCTGCA
20-1_5-20	TCCACAGGGTTC
21-1_5-20	GGCTCGTCGGAG
21-2_5-20	GCGCTTAGAATA
22-0_5-20	TATTCTACATGA
22-1_5-20	GTCATTGGGCTA
23-0_5-20	CCTAAGAGCATC
23-1_5-20	GAATCTGACAAC
23-2_5-20	CAAAGGAGCCCG
24-0_5-20	GCATTACTGGAC
24-1_5-20	CTGTCTATACTA
24-2_5-20	TCCGACCCGATC
25-0_5-20	ACACACCCTGAC
27-0_5-20	GGTAGTTCATAG
28-0_5-20	TTAAGTTAAGTT
29-0_5-20	CCGGCCGCGTGC
29-1_5-20	CTACAGGGTCTC
29-2_5-20	ATCAAGATACGC
30-0_5-20	CATAAGGGAGGC
30-1_5-20	TTAATGGATCGG
30-1_7-20	TCTTGCGGAGTC
30-2_7-20	GCCTAGCCCAAT
31-1_5-20	GCTGAGCCTTTG
31-2_5-20	GCAACGAACGAG
31-2_7-20	AACTTTCAGGAG
32-0_5-20	CTTATAGAGAAG
32-0_7-20	CGGGACACCCGA
32-1_7-20	AATCTTGCGCCG
32-2_5-20	ACTGTTTACTGT
33-0_5-20	CTTGGAGGCTTA
33-0_7-20	TCATGGCCTCCG
33-1_7-20	CAGTCTAGTACG
34-0_5-20	TCCATACCGGAA
34-0_7-20	CTGCGGATATAC
34-1_7-20	TATCATATTACG
35-0_7-20	TCAGTCAGATGA
35-1_5-20	TGACGAGGGCTG
35-2_7-20	GGACAAGTGCGA
36-2_7-20	CCACAACGATCA
37-0_7-20	TAATCTCGCCGG
37-1_7-20	TACTAACGCGGT
37-2_7-20	GTTGACCATCGC
38-2_5-20	AGATTCGCTCGA
38-2_7-20	AGTTGTAGTCCG
39-0_7-20	AATGTTCAACTT
40-0_5-20	GTACGTCACTGA
40-1_5-20	GTCCTACACAGC
40-2_5-20	AGCACCGGTCTT
40-2_7-20	GCATCGTCTGGT
41-0_5-20	CCGCGTCTCAAC
41-0_7-20	CCACTCTCTCTA
41-1_5-20	TCACTGCTAGGA
41-1_7-20	AGTCTTAAAGGA
42-1_5-20	TGGACTCAGCTA
42-1_7-20	GTGCGAGGACAA
43-0_5-20	CACGCTATTGGA
43-0_7-20	AGACACCAATGT
43-1_7-20	CGGATCTAGTGT
44-0_5-20	GAACCGTGCAGG
44-1_7-20	GTAAACGACTTG
45-0_5-20	ACCCAAGCGTTA
45-0_7-20	CTCACCTAGGAA
45-2_7-20	GCATTCGGCGTT
46-0_5-20	CTGATGTACACG
46-0_7-20	AATGGTTCAGCA
47-1_7-20	TGACTGCGTTAG
